{
    "label-font-family": "'RobotoRegular', sans-serif",
    "border-color": "#DCDCDC",
    "header-border-color": "#00ABF0",
    "table-body-border-color": "#a0a0a0",
    "table-row-border-color": "#DCDCDC",
    "highlight-table-row-background-color": "#cceefc",
    "text-filter-element-border-color": "#DCDCDC",
    "hightlight-text-filter-element-border-color": "#00ABF0",
    "text-filter-element-text-color": "darken(#FBFBFB, 20%)",
    "highlight-text-filter-element-text-color": "lighten(lighten(#353535, 2.8%), 3.8%)",
    "selection-checkbox-shadow-color": "rgba(0, 0, 0, 0.2)",
    "header-selection-checkbox-border-color": "#FFFFFF",
    "sort-icon": "url('../pics/system/controls/complex-table2/arrow_up.svg')",
    "checkbox-checked": "url('../pics/system/controls/complex-table2/cross.svg')",
    "checkbox-header-checked": "url('../pics/system/controls/complex-table2/cross.svg')",
    "checkbox-square": "url('../pics/system/controls/complex-table2/checkbox_black.svg')",
    "table-header-font-family": "'RobotoMedium', sans-serif",
    "table-filters-value-font-family": "'RobotoRegular', sans-serif"
}