{
    "transparent-background-color": "@color-7",
    "content-background-color": "@color-22",
    "header-background-color": "@color-8",
    "header-text-color": "@color-3",
    "header-button-background-color": "@color-8",
    "footer-button-background-color": "@color-3",
    "highlight-footer-button-background-color": "@color-4",
    "footer-button-border-color": "@color-19",
    "footer-button-text-color": "@color-6",
    "highlight-footer-button-text-color": "@color-6",
    "close-icon": "url('../pics/system/controls/dialog-box/close.svg')",
    "dialog-title-font-family": "@font-family-3"
}


