{
    "slider-track-background-color": "#a0a0a0",
    "slider-track-shadow-color": "transparent",
    "slider-handle-background-color": "#353535",
    "slider-handle-shadow-color": "transparent",
    "buttons-background-color": "transparent",
    "highlight-buttons-background-color": "transparent",
    "buttons-shadow-color": "transparent",
    "highlight-buttons-shadow-color": "transparent",
    "minimized-scrollbar-background-color": "darken(#FBFBFB, 40%)",
    "button-up-image": "url('../pics/system/icons/arrow_up_black.svg')",
    "button-down-image": "url('../pics/system/icons/arrow_down_black.svg')"
}