{
    "iq-header-height": "126px",
    "iq-icon-large-height": "64px",
    "iq-icon-option-height": "32px",
    "filter-area-margin-bottom": "12px",
    "filter-element-margin-left": "10px",
    "filter-toggle-width": "200px",
    "filter-toggle-padding": "5px",
    "set-filter-info-padding": "5px",
    "filter-label-font-size": "14px",
    "filter-label-line-height": "28px",
    "filter-icon-width": "20px",
    "filter-settings-offset-top": "45px",
    "filter-settings-padding": "0 10px",
    "time-selection-margin-right": "30px",
    "time-settings-label-line-height": "38px",
    "reset-button-padding": "8px",
    "reset-button-label-width": "22px",
    "reset-button-label-font-size": "12px",
    "reset-button-label-padding": "0 5px",
    "table-anchor-padding-top": "8px",
    "cell-padding-left": "5px",
    "cell-padding-right": "5px"
}
