{
    "label-text-color": "@color-3",
    "label-font-family": "@font-family-1",
    "handle-background-color": "@color-21",
    "handle-shadow-color": "@color-11",
    "off-handle-box-background-color": "@color-20",
    "off-handle-box-border-color": "@color-19",
    "off-text-color": "@color-3",
    "on-handle-box-background-color": "@color-4",
    "on-handle-box-border-color": "@color-24",
    "on-text-color": "@color-3",
    "handle-box-label-font-family" : "@font-family-1",
    "inactive-handle-background-color": "@color-25",
    "inactive-handle-box-background-color": "@color-27",
    "inactive-label-text-color": "@color-15"
}
