{
    "min-height": "348px",
    "padding" : "10px",
    "filter-area-margin-bottom": "12px",
    "filter-element-margin-left": "10px",
    "filter-toggle-width": "200px",
    "filter-toggle-padding": "10px",
    "set-filter-info-padding": "10px",
    "filter-label-font-size": "18px",
    "filter-label-line-height": "28px",
    "filter-icon-width": "20px",
    "filter-settings-offset-top": "55px",
    "filter-settings-padding": "0 10px",
    "time-selection-margin-right": "30px",
    "time-settings-label-line-height": "38px",
    "reset-button-padding": "7px",
    "reset-button-label-width": "28px",
    "reset-button-label-font-size": "20px",
    "reset-button-label-padding": "0 5px",
    "table-anchor-padding-top": "10px",
    "cell-padding-left": "10px",
    "cell-padding-right": "10px"
}