{
    "padding": "10px 10px",
    "label-margin-bottom" : "16px",
    "title-line-height": "36px",
    "label-font-size": "16px",
    "ctrl-panel-height": "40px",
    "ctrl-panel-padding-bottom" : "16px",
    "ctrl-panel-element-margin-left" : "8px",
    "table-header-font-size": "16px",
    "table-header-line-height": "28px",
    "sort-up-offset-top": "15px",
    "sort-down-offset-top": "17px",
    "scroll-bar-width": "40px",
    "select-box-width": "18px",
    "select-box-height": "@select-box-width",
    "filter-input-field-value-height": "28px",
    "filter-input-field-value-font-size": "14px",
    "filter-icon-width": "18px",
    "filter-icon-height": "18px",
    "filter-icon-margin-top": "5px",
    "reset-filter-padding": "5px",
    "reset-filter-button-size": "28px",
    "reset-filter-icon-width": "18px",
    "filter-input-field-margin-right": "36px",
    "sort-icon-size": "16px",
    "sort-icon-offset-right": "8px",
    "minimized-scrollbar-width": "16px",
    "cell-padding-left": "10px",
    "cell-padding-right": "10px",
    "cell-font-size": "16px",
    "cell-line-height": "38px",
    "footer-height": "@footer-line-height",
    "footer-line-height": "38px",
    "footer-font-size": "14px"
}