{
    "value-background-color": "lighten(#FBFBFB, 0.8%)",
    "highlight-value-border-color": "#00ABF0",
    "inactive-value-background-color": "lighten(#DCDCDC, 12.4%)",
    "value-border-color": "rgba(0, 0, 0, 0.2)",
    "inactive-value-border-color": "#DCDCDC",
    "value-text-color": "#3C3C3C",
    "inactive-value-text-color": "darken(#DCDCDC, 11.8%)",
    "unit-text-color": "lighten(#3C3C3C, 24.4%)",
    "inactive-unit-text-color": "darken(#DCDCDC, 17%)",
    "label-text-color": "#3C3C3C",
    "inactive-label-text-color": "darken(#DCDCDC, 17%)",
    "value-selection-background-color": "#00ABF0",
    "value-selection-text-color": "#FFFFFF",
    "label-font-family": "'RobotoLight', sans-serif",
    "value-font-family": "'RobotoLight', sans-serif",
    "unit-font-family": "'RobotoLight', sans-serif"
}
