{
    "value-background-color": "@color-23",
    "highlight-value-border-color": "@color-4",
    "inactive-value-background-color": "@color-29",
    "value-border-color": "@color-11",
    "inactive-value-border-color": "@color-5",
    "value-text-color": "@color-9",
    "inactive-value-text-color": "@color-28",
    "unit-text-color": "@color-27",
    "inactive-unit-text-color": "@color-15",
    "label-text-color": "@color-9",
    "inactive-label-text-color": "@color-15",
    "value-selection-background-color": "@color-4",
    "value-selection-text-color": "@color-3",
    "label-font-family": "@font-family-1",
    "value-font-family": "@font-family-1",
    "unit-font-family": "@font-family-1"
}
